
insert into enterprise_type (name) values
('Privada'),
('Oficial'),
('Mixta');

insert into tax_payer_type(name) values
('Responsable de IVA'),
('No Responsable de IVA'),
('Regimen simple de tributacion'),
('Entidad sin animo de lucro');

insert into tax_liability(name) values
('Información exogena'),
('Facturador electronico'),
('Informante de beneficiarios finales'),
('Retención en la fuente a titulo de renta'),
('Retención en la fuente a titulo de iva'),
('Autorretenedor'),
('Gran contribuyente');

insert into country(id,name) VALUES(1,'Colombia');

INSERT INTO department(id,country_id,name)VALUES(1,1,'Amazonas');
INSERT INTO city (id, department_id, name) VALUES (1,1,'El Encanto');
INSERT INTO city (id, department_id, name) VALUES (2,1,'La Chorrera');
INSERT INTO city (id, department_id, name) VALUES (3,1,'La Pedrera');
INSERT INTO city (id, department_id, name) VALUES (4,1,'La Victoria');
INSERT INTO city (id, department_id, name) VALUES (5,1,'Leticia');
INSERT INTO city (id, department_id, name) VALUES (6,1,'Miriti Parana');
INSERT INTO city (id, department_id, name) VALUES (7,1,'Puerto Alegria');
INSERT INTO city (id, department_id, name) VALUES (8,1,'Puerto Arica');
INSERT INTO city (id, department_id, name) VALUES (9,1,'Puerto Nariño');
INSERT INTO city (id, department_id, name) VALUES (10,1,'Puerto Santander');
INSERT INTO city (id, department_id, name) VALUES (11,1,'Tarapaca');

INSERT INTO department(id,country_id,name)VALUES(2,1,'Antioquia');
INSERT INTO city (id, department_id, name) VALUES (12,2,'Abejorral');
INSERT INTO city (id, department_id, name) VALUES (13,2,'Abriaqui');
INSERT INTO city (id, department_id, name) VALUES (14,2,'Alejandria');
INSERT INTO city (id, department_id, name) VALUES (15,2,'Amaga');
INSERT INTO city (id, department_id, name) VALUES (16,2,'Amalfi');
INSERT INTO city (id, department_id, name) VALUES (17,2,'Andes');
INSERT INTO city (id, department_id, name) VALUES (18,2,'Angelopolis');
INSERT INTO city (id, department_id, name) VALUES (19,2,'Angostura');
INSERT INTO city (id, department_id, name) VALUES (20,2,'Anori');
INSERT INTO city (id, department_id, name) VALUES (21,2,'Anza');
INSERT INTO city (id, department_id, name) VALUES (22,2,'Apartado');
INSERT INTO city (id, department_id, name) VALUES (23,2,'Arboletes');
INSERT INTO city (id, department_id, name) VALUES (24,2,'Argelia');
INSERT INTO city (id, department_id, name) VALUES (25,2,'Armenia');
INSERT INTO city (id, department_id, name) VALUES (26,2,'Barbosa');
INSERT INTO city (id, department_id, name) VALUES (27,2,'Bello');
INSERT INTO city (id, department_id, name) VALUES (28,2,'Belmira');
INSERT INTO city (id, department_id, name) VALUES (29,2,'Betania');
INSERT INTO city (id, department_id, name) VALUES (30,2,'Betulia');
INSERT INTO city (id, department_id, name) VALUES (31,2,'Briceño');
INSERT INTO city (id, department_id, name) VALUES (32,2,'Buritica');
INSERT INTO city (id, department_id, name) VALUES (33,2,'Caceres');
INSERT INTO city (id, department_id, name) VALUES (34,2,'Caicedo');
INSERT INTO city (id, department_id, name) VALUES (35,2,'Caldas');
INSERT INTO city (id, department_id, name) VALUES (36,2,'Campamento');
INSERT INTO city (id, department_id, name) VALUES (37,2,'Cañasgordas');
INSERT INTO city (id, department_id, name) VALUES (38,2,'Caracoli');
INSERT INTO city (id, department_id, name) VALUES (39,2,'Caramanta');
INSERT INTO city (id, department_id, name) VALUES (40,2,'Carepa');
INSERT INTO city (id, department_id, name) VALUES (41,2,'Carolina');
INSERT INTO city (id, department_id, name) VALUES (42,2,'Caucasia');
INSERT INTO city (id, department_id, name) VALUES (43,2,'Chigorodo');
INSERT INTO city (id, department_id, name) VALUES (44,2,'Cisneros');
INSERT INTO city (id, department_id, name) VALUES (45,2,'Ciudad Bolivar');
INSERT INTO city (id, department_id, name) VALUES (46,2,'Cocorna');
INSERT INTO city (id, department_id, name) VALUES (47,2,'Concepcion');
INSERT INTO city (id, department_id, name) VALUES (48,2,'Concordia');
INSERT INTO city (id, department_id, name) VALUES (49,2,'Copacabana');
INSERT INTO city (id, department_id, name) VALUES (50,2,'Dabeiba');
INSERT INTO city (id, department_id, name) VALUES (51,2,'Don Matias');
INSERT INTO city (id, department_id, name) VALUES (52,2,'Ebejico');
INSERT INTO city (id, department_id, name) VALUES (53,2,'El Bagre');
INSERT INTO city (id, department_id, name) VALUES (54,2,'El Carmen de Viboral');
INSERT INTO city (id, department_id, name) VALUES (55,2,'El Santuario');
INSERT INTO city (id, department_id, name) VALUES (56,2,'Entrerrios');
INSERT INTO city (id, department_id, name) VALUES (57,2,'Envigado');
INSERT INTO city (id, department_id, name) VALUES (58,2,'Fredonia');
INSERT INTO city (id, department_id, name) VALUES (59,2,'Frontino');
INSERT INTO city (id, department_id, name) VALUES (60,2,'Giraldo');
INSERT INTO city (id, department_id, name) VALUES (61,2,'Girardota');
INSERT INTO city (id, department_id, name) VALUES (62,2,'Gomez Plata');
INSERT INTO city (id, department_id, name) VALUES (63,2,'Granada');
INSERT INTO city (id, department_id, name) VALUES (64,2,'Guadalupe');
INSERT INTO city (id, department_id, name) VALUES (65,2,'Guarne');
INSERT INTO city (id, department_id, name) VALUES (66,2,'Guatape');
INSERT INTO city (id, department_id, name) VALUES (67,2,'Heliconia');
INSERT INTO city (id, department_id, name) VALUES (68,2,'Hispania');
INSERT INTO city (id, department_id, name) VALUES (69,2,'Itagui');
INSERT INTO city (id, department_id, name) VALUES (70,2,'Ituango');
INSERT INTO city (id, department_id, name) VALUES (71,2,'Jardin');
INSERT INTO city (id, department_id, name) VALUES (72,2,'Jerico');
INSERT INTO city (id, department_id, name) VALUES (73,2,'La Ceja');
INSERT INTO city (id, department_id, name) VALUES (74,2,'La Estrella');
INSERT INTO city (id, department_id, name) VALUES (75,2,'La Pintada');
INSERT INTO city (id, department_id, name) VALUES (76,2,'La Union');
INSERT INTO city (id, department_id, name) VALUES (77,2,'Liborina');
INSERT INTO city (id, department_id, name) VALUES (78,2,'Maceo');
INSERT INTO city (id, department_id, name) VALUES (79,2,'Marinilla');
INSERT INTO city (id, department_id, name) VALUES (80,2,'Medellin');
INSERT INTO city (id, department_id, name) VALUES (81,2,'Montebello');
INSERT INTO city (id, department_id, name) VALUES (82,2,'Murindo');
INSERT INTO city (id, department_id, name) VALUES (83,2,'Mutata');
INSERT INTO city (id, department_id, name) VALUES (84,2,'Nariño');
INSERT INTO city (id, department_id, name) VALUES (85,2,'Nechi');
INSERT INTO city (id, department_id, name) VALUES (86,2,'Necocli');
INSERT INTO city (id, department_id, name) VALUES (87,2,'Olaya');
INSERT INTO city (id, department_id, name) VALUES (88,2,'Peñol');
INSERT INTO city (id, department_id, name) VALUES (89,2,'Peque');
INSERT INTO city (id, department_id, name) VALUES (90,2,'Pueblorrico');
INSERT INTO city (id, department_id, name) VALUES (91,2,'Puerto Berrio');
INSERT INTO city (id, department_id, name) VALUES (92,2,'Puerto Nare');
INSERT INTO city (id, department_id, name) VALUES (93,2,'Puerto Triunfo');
INSERT INTO city (id, department_id, name) VALUES (94,2,'Remedios');
INSERT INTO city (id, department_id, name) VALUES (95,2,'Retiro');
INSERT INTO city (id, department_id, name) VALUES (96,2,'Rionegro');
INSERT INTO city (id, department_id, name) VALUES (97,2,'Sabanalarga');
INSERT INTO city (id, department_id, name) VALUES (98,2,'Sabaneta');
INSERT INTO city (id, department_id, name) VALUES (99,2,'Salgar');
INSERT INTO city (id, department_id, name) VALUES (100,2,'San Andres de Cuerquia');
INSERT INTO city (id, department_id, name) VALUES (101,2,'San Carlos');
INSERT INTO city (id, department_id, name) VALUES (102,2,'San Francisco');
INSERT INTO city (id, department_id, name) VALUES (103,2,'San Jeronimo');
INSERT INTO city (id, department_id, name) VALUES (104,2,'San Jose de La Montaña');
INSERT INTO city (id, department_id, name) VALUES (105,2,'San Juan de Uraba');
INSERT INTO city (id, department_id, name) VALUES (106,2,'San Luis');
INSERT INTO city (id, department_id, name) VALUES (107,2,'San Pedro');
INSERT INTO city (id, department_id, name) VALUES (108,2,'San Pedro de Uraba');
INSERT INTO city (id, department_id, name) VALUES (109,2,'San Rafael');
INSERT INTO city (id, department_id, name) VALUES (110,2,'San Roque');
INSERT INTO city (id, department_id, name) VALUES (111,2,'San Vicente');
INSERT INTO city (id, department_id, name) VALUES (112,2,'Santa Barbara');
INSERT INTO city (id, department_id, name) VALUES (113,2,'Santa Rosa de Osos');
INSERT INTO city (id, department_id, name) VALUES (114,2,'Santafe de Antioquia');
INSERT INTO city (id, department_id, name) VALUES (115,2,'Santo Domingo');
INSERT INTO city (id, department_id, name) VALUES (116,2,'Segovia');
INSERT INTO city (id, department_id, name) VALUES (117,2,'Sonson');
INSERT INTO city (id, department_id, name) VALUES (118,2,'Sopetran');
INSERT INTO city (id, department_id, name) VALUES (119,2,'Tamesis');
INSERT INTO city (id, department_id, name) VALUES (120,2,'Taraza');
INSERT INTO city (id, department_id, name) VALUES (121,2,'Tarso');
INSERT INTO city (id, department_id, name) VALUES (122,2,'Titiribi');
INSERT INTO city (id, department_id, name) VALUES (123,2,'Toledo');
INSERT INTO city (id, department_id, name) VALUES (124,2,'Turbo');
INSERT INTO city (id, department_id, name) VALUES (125,2,'Uramita');
INSERT INTO city (id, department_id, name) VALUES (126,2,'Urrao');
INSERT INTO city (id, department_id, name) VALUES (127,2,'Valdivia');
INSERT INTO city (id, department_id, name) VALUES (128,2,'Valparaiso');
INSERT INTO city (id, department_id, name) VALUES (129,2,'Vegachi');
INSERT INTO city (id, department_id, name) VALUES (130,2,'Venecia');
INSERT INTO city (id, department_id, name) VALUES (131,2,'Vigia del Fuerte');
INSERT INTO city (id, department_id, name) VALUES (132,2,'Yali');
INSERT INTO city (id, department_id, name) VALUES (133,2,'Yarumal');
INSERT INTO city (id, department_id, name) VALUES (134,2,'Yolombo');
INSERT INTO city (id, department_id, name) VALUES (135,2,'Yondo');
INSERT INTO city (id, department_id, name) VALUES (136,2,'Zaragoza');

INSERT INTO department(id,country_id,name)VALUES(3,1,'Arauca');
INSERT INTO city (id, department_id, name) VALUES (137,3,'Arauca');
INSERT INTO city (id, department_id, name) VALUES (138,3,'Arauquita');
INSERT INTO city (id, department_id, name) VALUES (139,3,'Cravo Norte');
INSERT INTO city (id, department_id, name) VALUES (140,3,'Fortul');
INSERT INTO city (id, department_id, name) VALUES (141,3,'Puerto Rondon');
INSERT INTO city (id, department_id, name) VALUES (142,3,'Saravena');
INSERT INTO city (id, department_id, name) VALUES (143,3,'Tame');

insert into department(id,country_id,name)VALUES(4,1,'Atlantico');
INSERT INTO city (id, department_id, name) VALUES (144,4,'Baranoa');
INSERT INTO city (id, department_id, name) VALUES (145,4,'Barranquilla');
INSERT INTO city (id, department_id, name) VALUES (146,4,'Campo de La Cruz');
INSERT INTO city (id, department_id, name) VALUES (147,4,'Candelaria');
INSERT INTO city (id, department_id, name) VALUES (148,4,'Galapa');
INSERT INTO city (id, department_id, name) VALUES (149,4,'Juan de Acosta');
INSERT INTO city (id, department_id, name) VALUES (150,4,'Luruaco');
INSERT INTO city (id, department_id, name) VALUES (151,4,'Malambo');
INSERT INTO city (id, department_id, name) VALUES (152,4,'Manati');
INSERT INTO city (id, department_id, name) VALUES (153,4,'Palmar de Varela');
INSERT INTO city (id, department_id, name) VALUES (154,4,'Piojo');
INSERT INTO city (id, department_id, name) VALUES (155,4,'Polonuevo');
INSERT INTO city (id, department_id, name) VALUES (156,4,'Ponedera');
INSERT INTO city (id, department_id, name) VALUES (157,4,'Puerto Colombia');
INSERT INTO city (id, department_id, name) VALUES (158,4,'Repelon');
INSERT INTO city (id, department_id, name) VALUES (159,4,'Sabanagrande');
INSERT INTO city (id, department_id, name) VALUES (160,4,'Sabanalarga');
INSERT INTO city (id, department_id, name) VALUES (161,4,'Santa Lucia');
INSERT INTO city (id, department_id, name) VALUES (162,4,'Santo Tomas');
INSERT INTO city (id, department_id, name) VALUES (163,4,'Soledad');
INSERT INTO city (id, department_id, name) VALUES (164,4,'Suan');
INSERT INTO city (id, department_id, name) VALUES (165,4,'Tubara');
INSERT INTO city (id, department_id, name) VALUES (166,4,'Usiacuri');

INSERT INTO department(id,country_id,name)VALUES(5,1,'Bolivar');
INSERT INTO city (id, department_id, name) VALUES (167,5,'Achi');
INSERT INTO city (id, department_id, name) VALUES (168,5,'Altos del Rosario');
INSERT INTO city (id, department_id, name) VALUES (169,5,'Arenal');
INSERT INTO city (id, department_id, name) VALUES (170,5,'Arjona');
INSERT INTO city (id, department_id, name) VALUES (171,5,'Arroyohondo');
INSERT INTO city (id, department_id, name) VALUES (172,5,'Barranco de Loba');
INSERT INTO city (id, department_id, name) VALUES (173,5,'Calamar');
INSERT INTO city (id, department_id, name) VALUES (174,5,'Cantagallo');
INSERT INTO city (id, department_id, name) VALUES (175,5,'Cartagena');
INSERT INTO city (id, department_id, name) VALUES (176,5,'Cicuco');
INSERT INTO city (id, department_id, name) VALUES (177,5,'Clemencia');
INSERT INTO city (id, department_id, name) VALUES (178,5,'Cordoba');
INSERT INTO city (id, department_id, name) VALUES (179,5,'El Carmen de Bolivar');
INSERT INTO city (id, department_id, name) VALUES (180,5,'El Guamo');
INSERT INTO city (id, department_id, name) VALUES (181,5,'El Peñon');
INSERT INTO city (id, department_id, name) VALUES (182,5,'Hatillo de Loba');
INSERT INTO city (id, department_id, name) VALUES (183,5,'Magangue');
INSERT INTO city (id, department_id, name) VALUES (184,5,'Mahates');
INSERT INTO city (id, department_id, name) VALUES (185,5,'Margarita');
INSERT INTO city (id, department_id, name) VALUES (186,5,'Maria la Baja');
INSERT INTO city (id, department_id, name) VALUES (187,5,'Mompos');
INSERT INTO city (id, department_id, name) VALUES (188,5,'Montecristo');
INSERT INTO city (id, department_id, name) VALUES (189,5,'Morales');
INSERT INTO city (id, department_id, name) VALUES (190,5,'Norosi');
INSERT INTO city (id, department_id, name) VALUES (191,5,'Pinillos');
INSERT INTO city (id, department_id, name) VALUES (192,5,'Regidor');
INSERT INTO city (id, department_id, name) VALUES (193,5,'Rio Viejo');
INSERT INTO city (id, department_id, name) VALUES (194,5,'San Cristobal');
INSERT INTO city (id, department_id, name) VALUES (195,5,'San Estanislao');
INSERT INTO city (id, department_id, name) VALUES (196,5,'San Fernando');
INSERT INTO city (id, department_id, name) VALUES (197,5,'San Jacinto');
INSERT INTO city (id, department_id, name) VALUES (198,5,'San Jacinto del Cauca');
INSERT INTO city (id, department_id, name) VALUES (199,5,'San Juan Nepomuceno');
INSERT INTO city (id, department_id, name) VALUES (200,5,'San Martin de Loba');
INSERT INTO city (id, department_id, name) VALUES (201,5,'San Pablo de Borbur');
INSERT INTO city (id, department_id, name) VALUES (202,5,'Santa Catalina');
INSERT INTO city (id, department_id, name) VALUES (203,5,'Santa Rosa');
INSERT INTO city (id, department_id, name) VALUES (204,5,'Santa Rosa del Sur');
INSERT INTO city (id, department_id, name) VALUES (205,5,'Simiti');
INSERT INTO city (id, department_id, name) VALUES (206,5,'Soplaviento');
INSERT INTO city (id, department_id, name) VALUES (207,5,'Talaigua Nuevo');
INSERT INTO city (id, department_id, name) VALUES (208,5,'Tiquisio');
INSERT INTO city (id, department_id, name) VALUES (209,5,'Turbaco');
INSERT INTO city (id, department_id, name) VALUES (210,5,'Turbana');
INSERT INTO city (id, department_id, name) VALUES (211,5,'Villanueva');
INSERT INTO city (id, department_id, name) VALUES (212,5,'Zambrano');

INSERT INTO department(id,country_id,name)VALUES(6,1,'Boyaca');
INSERT INTO city (id, department_id, name) VALUES (213,6,'Almeida');
INSERT INTO city (id, department_id, name) VALUES (214,6,'Aquitania');
INSERT INTO city (id, department_id, name) VALUES (215,6,'Arcabuco');
INSERT INTO city (id, department_id, name) VALUES (216,6,'Belen');
INSERT INTO city (id, department_id, name) VALUES (217,6,'Berbeo');
INSERT INTO city (id, department_id, name) VALUES (218,6,'Beteitiva');
INSERT INTO city (id, department_id, name) VALUES (219,6,'Boavita');
INSERT INTO city (id, department_id, name) VALUES (220,6,'Boyaca');
INSERT INTO city (id, department_id, name) VALUES (221,6,'Briceño');
INSERT INTO city (id, department_id, name) VALUES (222,6,'Buena Vista');
INSERT INTO city (id, department_id, name) VALUES (223,6,'Busbanza');
INSERT INTO city (id, department_id, name) VALUES (224,6,'Caldas');
INSERT INTO city (id, department_id, name) VALUES (225,6,'Campohermoso');
INSERT INTO city (id, department_id, name) VALUES (226,6,'Cerinza');
INSERT INTO city (id, department_id, name) VALUES (227,6,'Chinavita');
INSERT INTO city (id, department_id, name) VALUES (228,6,'Chiquinquira');
INSERT INTO city (id, department_id, name) VALUES (229,6,'Chiquiza');
INSERT INTO city (id, department_id, name) VALUES (230,6,'Chiscas');
INSERT INTO city (id, department_id, name) VALUES (231,6,'Chita');
INSERT INTO city (id, department_id, name) VALUES (232,6,'Chitaraque');
INSERT INTO city (id, department_id, name) VALUES (233,6,'Chivata');
INSERT INTO city (id, department_id, name) VALUES (234,6,'Chivor');
INSERT INTO city (id, department_id, name) VALUES (235,6,'Cienega');
INSERT INTO city (id, department_id, name) VALUES (236,6,'Combita');
INSERT INTO city (id, department_id, name) VALUES (237,6,'Coper');
INSERT INTO city (id, department_id, name) VALUES (238,6,'Corrales');
INSERT INTO city (id, department_id, name) VALUES (239,6,'Covarachia');
INSERT INTO city (id, department_id, name) VALUES (240,6,'Cubara');
INSERT INTO city (id, department_id, name) VALUES (241,6,'Cucaita');
INSERT INTO city (id, department_id, name) VALUES (242,6,'Cuitiva');
INSERT INTO city (id, department_id, name) VALUES (243,6,'Duitama');
INSERT INTO city (id, department_id, name) VALUES (244,6,'El Cocuy');
INSERT INTO city (id, department_id, name) VALUES (245,6,'El Espino');
INSERT INTO city (id, department_id, name) VALUES (246,6,'Firavitoba');
INSERT INTO city (id, department_id, name) VALUES (247,6,'Floresta');
INSERT INTO city (id, department_id, name) VALUES (248,6,'Gachantiva');
INSERT INTO city (id, department_id, name) VALUES (249,6,'Gameza');
INSERT INTO city (id, department_id, name) VALUES (250,6,'Garagoa');
INSERT INTO city (id, department_id, name) VALUES (251,6,'Guacamayas');
INSERT INTO city (id, department_id, name) VALUES (252,6,'Guateque');
INSERT INTO city (id, department_id, name) VALUES (253,6,'Guayata');
INSERT INTO city (id, department_id, name) VALUES (254,6,'Güican');
INSERT INTO city (id, department_id, name) VALUES (255,6,'Iza');
INSERT INTO city (id, department_id, name) VALUES (256,6,'Jenesano');
INSERT INTO city (id, department_id, name) VALUES (257,6,'Jerico');
INSERT INTO city (id, department_id, name) VALUES (258,6,'La Capilla');
INSERT INTO city (id, department_id, name) VALUES (259,6,'La Uvita');
INSERT INTO city (id, department_id, name) VALUES (260,6,'La Victoria');
INSERT INTO city (id, department_id, name) VALUES (261,6,'Labranzagrande');
INSERT INTO city (id, department_id, name) VALUES (262,6,'Macanal');
INSERT INTO city (id, department_id, name) VALUES (263,6,'Maripi');
INSERT INTO city (id, department_id, name) VALUES (264,6,'Miraflores');
INSERT INTO city (id, department_id, name) VALUES (265,6,'Mongua');
INSERT INTO city (id, department_id, name) VALUES (266,6,'Mongui');
INSERT INTO city (id, department_id, name) VALUES (267,6,'Moniquira');
INSERT INTO city (id, department_id, name) VALUES (268,6,'Motavita');
INSERT INTO city (id, department_id, name) VALUES (269,6,'Muzo');
INSERT INTO city (id, department_id, name) VALUES (270,6,'Nobsa');
INSERT INTO city (id, department_id, name) VALUES (271,6,'Nuevo Colon');
INSERT INTO city (id, department_id, name) VALUES (272,6,'Oicata');
INSERT INTO city (id, department_id, name) VALUES (273,6,'Otanche');
INSERT INTO city (id, department_id, name) VALUES (274,6,'Pachavita');
INSERT INTO city (id, department_id, name) VALUES (275,6,'Paez');
INSERT INTO city (id, department_id, name) VALUES (276,6,'Paipa');
INSERT INTO city (id, department_id, name) VALUES (277,6,'Pajarito');
INSERT INTO city (id, department_id, name) VALUES (278,6,'Panqueba');
INSERT INTO city (id, department_id, name) VALUES (279,6,'Pauna');
INSERT INTO city (id, department_id, name) VALUES (280,6,'Paya');
INSERT INTO city (id, department_id, name) VALUES (281,6,'Paz de Rio');
INSERT INTO city (id, department_id, name) VALUES (282,6,'Pesca');
INSERT INTO city (id, department_id, name) VALUES (283,6,'Pisba');
INSERT INTO city (id, department_id, name) VALUES (284,6,'Puerto Boyaca');
INSERT INTO city (id, department_id, name) VALUES (285,6,'Quipama');
INSERT INTO city (id, department_id, name) VALUES (286,6,'Ramiriqui');
INSERT INTO city (id, department_id, name) VALUES (287,6,'Raquira');
INSERT INTO city (id, department_id, name) VALUES (288,6,'Rondon');
INSERT INTO city (id, department_id, name) VALUES (289,6,'Saboya');
INSERT INTO city (id, department_id, name) VALUES (290,6,'Sachica');
INSERT INTO city (id, department_id, name) VALUES (291,6,'Samaca');
INSERT INTO city (id, department_id, name) VALUES (292,6,'San Eduardo');
INSERT INTO city (id, department_id, name) VALUES (293,6,'San Jose de Pare');
INSERT INTO city (id, department_id, name) VALUES (294,6,'San Luis de Gaceno');
INSERT INTO city (id, department_id, name) VALUES (295,6,'San Mateo');
INSERT INTO city (id, department_id, name) VALUES (296,6,'San Miguel de Sema');
INSERT INTO city (id, department_id, name) VALUES (297,6,'San Pablo de Borbur');
INSERT INTO city (id, department_id, name) VALUES (298,6,'Santa Maria');
INSERT INTO city (id, department_id, name) VALUES (299,6,'Santa Rosa de Viterbo');
INSERT INTO city (id, department_id, name) VALUES (300,6,'Santa Sofia');
INSERT INTO city (id, department_id, name) VALUES (301,6,'Santana');
INSERT INTO city (id, department_id, name) VALUES (302,6,'Sativanorte');
INSERT INTO city (id, department_id, name) VALUES (303,6,'Sativasur');
INSERT INTO city (id, department_id, name) VALUES (304,6,'Siachoque');
INSERT INTO city (id, department_id, name) VALUES (305,6,'Soata');
INSERT INTO city (id, department_id, name) VALUES (306,6,'Socha');
INSERT INTO city (id, department_id, name) VALUES (307,6,'Socota');
INSERT INTO city (id, department_id, name) VALUES (308,6,'Sogamoso');
INSERT INTO city (id, department_id, name) VALUES (309,6,'Somondoco');
INSERT INTO city (id, department_id, name) VALUES (310,6,'Sora');
INSERT INTO city (id, department_id, name) VALUES (311,6,'Soraca');
INSERT INTO city (id, department_id, name) VALUES (312,6,'Sotaquira');
INSERT INTO city (id, department_id, name) VALUES (313,6,'Susacon');
INSERT INTO city (id, department_id, name) VALUES (314,6,'Sutamarchan');
INSERT INTO city (id, department_id, name) VALUES (315,6,'Sutatenza');
INSERT INTO city (id, department_id, name) VALUES (316,6,'Tasco');
INSERT INTO city (id, department_id, name) VALUES (317,6,'Tenza');
INSERT INTO city (id, department_id, name) VALUES (318,6,'Tibana');
INSERT INTO city (id, department_id, name) VALUES (319,6,'Tibasosa');
INSERT INTO city (id, department_id, name) VALUES (320,6,'Tinjaca');
INSERT INTO city (id, department_id, name) VALUES (321,6,'Tipacoque');
INSERT INTO city (id, department_id, name) VALUES (322,6,'Toca');
INSERT INTO city (id, department_id, name) VALUES (323,6,'Togüi');
INSERT INTO city (id, department_id, name) VALUES (324,6,'Topaga');
INSERT INTO city (id, department_id, name) VALUES (325,6,'Tota');
INSERT INTO city (id, department_id, name) VALUES (326,6,'Tunja');
INSERT INTO city (id, department_id, name) VALUES (327,6,'Tunungua');
INSERT INTO city (id, department_id, name) VALUES (328,6,'Turmeque');
INSERT INTO city (id, department_id, name) VALUES (329,6,'Tuta');
INSERT INTO city (id, department_id, name) VALUES (330,6,'Tutaza');
INSERT INTO city (id, department_id, name) VALUES (331,6,'Umbita');
INSERT INTO city (id, department_id, name) VALUES (332,6,'Ventaquemada');
INSERT INTO city (id, department_id, name) VALUES (333,6,'Villa de Leyva');
INSERT INTO city (id, department_id, name) VALUES (334,6,'Viracacha');
INSERT INTO city (id, department_id, name) VALUES (335,6,'Zetaquira');

INSERT INTO department(id,country_id,name)VALUES(7,1,'Caldas');
INSERT INTO city (id, department_id, name) VALUES (336,7,'Aguadas');
INSERT INTO city (id, department_id, name) VALUES (337,7,'Anserma');
INSERT INTO city (id, department_id, name) VALUES (338,7,'Aranzazu');
INSERT INTO city (id, department_id, name) VALUES (339,7,'Belalcazar');
INSERT INTO city (id, department_id, name) VALUES (340,7,'Chinchina');
INSERT INTO city (id, department_id, name) VALUES (341,7,'Filadelfia');
INSERT INTO city (id, department_id, name) VALUES (342,7,'La Dorada');
INSERT INTO city (id, department_id, name) VALUES (343,7,'La Merced');
INSERT INTO city (id, department_id, name) VALUES (344,7,'Manizales');
INSERT INTO city (id, department_id, name) VALUES (345,7,'Manzanares');
INSERT INTO city (id, department_id, name) VALUES (346,7,'Marmato');
INSERT INTO city (id, department_id, name) VALUES (347,7,'Marquetalia');
INSERT INTO city (id, department_id, name) VALUES (348,7,'Marulanda');
INSERT INTO city (id, department_id, name) VALUES (349,7,'Neira');
INSERT INTO city (id, department_id, name) VALUES (350,7,'Norcasia');
INSERT INTO city (id, department_id, name) VALUES (351,7,'Pacora');
INSERT INTO city (id, department_id, name) VALUES (352,7,'Palestina');
INSERT INTO city (id, department_id, name) VALUES (353,7,'Pensilvania');
INSERT INTO city (id, department_id, name) VALUES (354,7,'Riosucio');
INSERT INTO city (id, department_id, name) VALUES (355,7,'Risaralda');
INSERT INTO city (id, department_id, name) VALUES (356,7,'Salamina');
INSERT INTO city (id, department_id, name) VALUES (357,7,'Samana');
INSERT INTO city (id, department_id, name) VALUES (358,7,'San Jose');
INSERT INTO city (id, department_id, name) VALUES (359,7,'Supia');
INSERT INTO city (id, department_id, name) VALUES (360,7,'Victoria');
INSERT INTO city (id, department_id, name) VALUES (361,7,'Villamaria');
INSERT INTO city (id, department_id, name) VALUES (362,7,'Viterbo');

INSERT INTO department(id,country_id,name)VALUES(8,1,'Caqueta');
INSERT INTO city (id, department_id, name) VALUES (363,8,'Albania');
INSERT INTO city (id, department_id, name) VALUES (364,8,'Belen de Los Andaquies');
INSERT INTO city (id, department_id, name) VALUES (365,8,'Cartagena del Chaira');
INSERT INTO city (id, department_id, name) VALUES (366,8,'Curillo');
INSERT INTO city (id, department_id, name) VALUES (367,8,'El Doncello');
INSERT INTO city (id, department_id, name) VALUES (368,8,'El Paujil');
INSERT INTO city (id, department_id, name) VALUES (369,8,'Florencia');
INSERT INTO city (id, department_id, name) VALUES (370,8,'La Montañita');
INSERT INTO city (id, department_id, name) VALUES (371,8,'Milan');
INSERT INTO city (id, department_id, name) VALUES (372,8,'Morelia');
INSERT INTO city (id, department_id, name) VALUES (373,8,'Puerto Rico');
INSERT INTO city (id, department_id, name) VALUES (374,8,'San Jose del Fragua');
INSERT INTO city (id, department_id, name) VALUES (375,8,'San Vicente del Caguan');
INSERT INTO city (id, department_id, name) VALUES (376,8,'Solano');
INSERT INTO city (id, department_id, name) VALUES (377,8,'Solita');
INSERT INTO city (id, department_id, name) VALUES (378,8,'Valparaiso');

INSERT INTO department(id,country_id,name)VALUES(9,1,'Casanare');
INSERT INTO city (id, department_id, name) VALUES (379,9,'Aguazul');
INSERT INTO city (id, department_id, name) VALUES (380,9,'Chameza');
INSERT INTO city (id, department_id, name) VALUES (381,9,'Hato Corozal');
INSERT INTO city (id, department_id, name) VALUES (382,9,'La Salina');
INSERT INTO city (id, department_id, name) VALUES (383,9,'Mani');
INSERT INTO city (id, department_id, name) VALUES (384,9,'Monterrey');
INSERT INTO city (id, department_id, name) VALUES (385,9,'Nunchia');
INSERT INTO city (id, department_id, name) VALUES (386,9,'Orocue');
INSERT INTO city (id, department_id, name) VALUES (387,9,'Paz de Ariporo');
INSERT INTO city (id, department_id, name) VALUES (388,9,'Pore');
INSERT INTO city (id, department_id, name) VALUES (389,9,'Recetor');
INSERT INTO city (id, department_id, name) VALUES (390,9,'Sabanalarga');
INSERT INTO city (id, department_id, name) VALUES (391,9,'Sacama');
INSERT INTO city (id, department_id, name) VALUES (392,9,'San Luis de Gaceno');
INSERT INTO city (id, department_id, name) VALUES (393,9,'Tamara');
INSERT INTO city (id, department_id, name) VALUES (394,9,'Tauramena');
INSERT INTO city (id, department_id, name) VALUES (395,9,'Trinidad');
INSERT INTO city (id, department_id, name) VALUES (396,9,'Villanueva');
INSERT INTO city (id, department_id, name) VALUES (397,9,'Yopal');

INSERT INTO department(id,country_id,name)VALUES(10,1,'Cauca');
INSERT INTO city (id, department_id, name) VALUES (398,10,'Almaguer');
INSERT INTO city (id, department_id, name) VALUES (399,10,'Argelia');
INSERT INTO city (id, department_id, name) VALUES (400,10,'Balboa');
INSERT INTO city (id, department_id, name) VALUES (401,10,'Bolivar');
INSERT INTO city (id, department_id, name) VALUES (402,10,'Buenos Aires');
INSERT INTO city (id, department_id, name) VALUES (403,10,'Cajibio');
INSERT INTO city (id, department_id, name) VALUES (404,10,'Caldono');
INSERT INTO city (id, department_id, name) VALUES (405,10,'Caloto');
INSERT INTO city (id, department_id, name) VALUES (406,10,'Corinto');
INSERT INTO city (id, department_id, name) VALUES (407,10,'El Tambo');
INSERT INTO city (id, department_id, name) VALUES (408,10,'Florencia');
INSERT INTO city (id, department_id, name) VALUES (409,10,'Guachene');
INSERT INTO city (id, department_id, name) VALUES (410,10,'Guapi');
INSERT INTO city (id, department_id, name) VALUES (411,10,'Inza');
INSERT INTO city (id, department_id, name) VALUES (412,10,'Jambalo');
INSERT INTO city (id, department_id, name) VALUES (413,10,'La Sierra');
INSERT INTO city (id, department_id, name) VALUES (414,10,'La Vega');
INSERT INTO city (id, department_id, name) VALUES (415,10,'Lopez');
INSERT INTO city (id, department_id, name) VALUES (416,10,'Mercaderes');
INSERT INTO city (id, department_id, name) VALUES (417,10,'Miranda');
INSERT INTO city (id, department_id, name) VALUES (418,10,'Morales');
INSERT INTO city (id, department_id, name) VALUES (419,10,'Padilla');
INSERT INTO city (id, department_id, name) VALUES (420,10,'Paez');
INSERT INTO city (id, department_id, name) VALUES (421,10,'Patia');
INSERT INTO city (id, department_id, name) VALUES (422,10,'Piamonte');
INSERT INTO city (id, department_id, name) VALUES (423,10,'Piendamo');
INSERT INTO city (id, department_id, name) VALUES (424,10,'Popayan');
INSERT INTO city (id, department_id, name) VALUES (425,10,'Puerto Tejada');
INSERT INTO city (id, department_id, name) VALUES (426,10,'Purace');
INSERT INTO city (id, department_id, name) VALUES (427,10,'Rosas');
INSERT INTO city (id, department_id, name) VALUES (428,10,'San Sebastian');
INSERT INTO city (id, department_id, name) VALUES (429,10,'Santa Rosa');
INSERT INTO city (id, department_id, name) VALUES (430,10,'Santander de Quilichao');
INSERT INTO city (id, department_id, name) VALUES (431,10,'Silvia');
INSERT INTO city (id, department_id, name) VALUES (432,10,'Sotara');
INSERT INTO city (id, department_id, name) VALUES (433,10,'Suarez');
INSERT INTO city (id, department_id, name) VALUES (434,10,'Sucre');
INSERT INTO city (id, department_id, name) VALUES (435,10,'Timbio');
INSERT INTO city (id, department_id, name) VALUES (436,10,'Timbiqui');
INSERT INTO city (id, department_id, name) VALUES (437,10,'Toribio');
INSERT INTO city (id, department_id, name) VALUES (438,10,'Totoro');
INSERT INTO city (id, department_id, name) VALUES (439,10,'Villa Rica');

INSERT INTO department(id,country_id,name)VALUES(11,1,'Cesar');
INSERT INTO city (id, department_id, name) VALUES (440,11,'Aguachica');
INSERT INTO city (id, department_id, name) VALUES (441,11,'Agustin Codazzi');
INSERT INTO city (id, department_id, name) VALUES (442,11,'Astrea');
INSERT INTO city (id, department_id, name) VALUES (443,11,'Becerril');
INSERT INTO city (id, department_id, name) VALUES (444,11,'Bosconia');
INSERT INTO city (id, department_id, name) VALUES (445,11,'Chimichagua');
INSERT INTO city (id, department_id, name) VALUES (446,11,'Chiriguana');
INSERT INTO city (id, department_id, name) VALUES (447,11,'Curumani');
INSERT INTO city (id, department_id, name) VALUES (448,11,'El Copey');
INSERT INTO city (id, department_id, name) VALUES (449,11,'El Paso');
INSERT INTO city (id, department_id, name) VALUES (450,11,'Gamarra');
INSERT INTO city (id, department_id, name) VALUES (451,11,'Gonzalez');
INSERT INTO city (id, department_id, name) VALUES (452,11,'La Gloria');
INSERT INTO city (id, department_id, name) VALUES (453,11,'La Jagua de Ibirico');
INSERT INTO city (id, department_id, name) VALUES (454,11,'La Paz');
INSERT INTO city (id, department_id, name) VALUES (455,11,'Manaure');
INSERT INTO city (id, department_id, name) VALUES (456,11,'Pailitas');
INSERT INTO city (id, department_id, name) VALUES (457,11,'Pelaya');
INSERT INTO city (id, department_id, name) VALUES (458,11,'Pueblo Bello');
INSERT INTO city (id, department_id, name) VALUES (459,11,'Rio de Oro');
INSERT INTO city (id, department_id, name) VALUES (460,11,'San Alberto');
INSERT INTO city (id, department_id, name) VALUES (461,11,'San Diego');
INSERT INTO city (id, department_id, name) VALUES (462,11,'San Martin');
INSERT INTO city (id, department_id, name) VALUES (463,11,'Tamalameque');
INSERT INTO city (id, department_id, name) VALUES (464,11,'Valledupar');

INSERT INTO department(id,country_id,name)VALUES(12,1,'Choco');
INSERT INTO city (id, department_id, name) VALUES (465,12,'Acandi');
INSERT INTO city (id, department_id, name) VALUES (466,12,'Alto Baudo');
INSERT INTO city (id, department_id, name) VALUES (467,12,'Atrato');
INSERT INTO city (id, department_id, name) VALUES (468,12,'Bagado');
INSERT INTO city (id, department_id, name) VALUES (469,12,'Bahia Solano');
INSERT INTO city (id, department_id, name) VALUES (470,12,'Bajo Baudo');
INSERT INTO city (id, department_id, name) VALUES (471,12,'Belen de Bajira');
INSERT INTO city (id, department_id, name) VALUES (472,12,'Bojaya');
INSERT INTO city (id, department_id, name) VALUES (473,12,'Carmen del Darien');
INSERT INTO city (id, department_id, name) VALUES (474,12,'Certegui');
INSERT INTO city (id, department_id, name) VALUES (475,12,'Condoto');
INSERT INTO city (id, department_id, name) VALUES (476,12,'El Canton del San Pablo');
INSERT INTO city (id, department_id, name) VALUES (477,12,'El Carmen de Atrato');
INSERT INTO city (id, department_id, name) VALUES (478,12,'El Litoral del San Juan');
INSERT INTO city (id, department_id, name) VALUES (479,12,'Istmina');
INSERT INTO city (id, department_id, name) VALUES (480,12,'Jurado');
INSERT INTO city (id, department_id, name) VALUES (481,12,'Lloro');
INSERT INTO city (id, department_id, name) VALUES (482,12,'Medio Atrato');
INSERT INTO city (id, department_id, name) VALUES (483,12,'Medio Baudo');
INSERT INTO city (id, department_id, name) VALUES (484,12,'Medio San Juan');
INSERT INTO city (id, department_id, name) VALUES (485,12,'Novita');
INSERT INTO city (id, department_id, name) VALUES (486,12,'Nuqui');
INSERT INTO city (id, department_id, name) VALUES (487,12,'Quibdo');
INSERT INTO city (id, department_id, name) VALUES (488,12,'Rio Iro');
INSERT INTO city (id, department_id, name) VALUES (489,12,'Rio Quito');
INSERT INTO city (id, department_id, name) VALUES (490,12,'Riosucio');
INSERT INTO city (id, department_id, name) VALUES (491,12,'San Jose del Palmar');
INSERT INTO city (id, department_id, name) VALUES (492,12,'Sipi');
INSERT INTO city (id, department_id, name) VALUES (493,12,'Tado');
INSERT INTO city (id, department_id, name) VALUES (494,12,'Unguia');
INSERT INTO city (id, department_id, name) VALUES (495,12,'Union Panamericana');

INSERT INTO department(id,country_id,name)VALUES(13,1,'Cordoba');
INSERT INTO city (id, department_id, name) VALUES (496,13,'Ayapel');
INSERT INTO city (id, department_id, name) VALUES (497,13,'Buenavista');
INSERT INTO city (id, department_id, name) VALUES (498,13,'Canalete');
INSERT INTO city (id, department_id, name) VALUES (499,13,'Cerete');
INSERT INTO city (id, department_id, name) VALUES (500,13,'Chima');
INSERT INTO city (id, department_id, name) VALUES (501,13,'Chinu');
INSERT INTO city (id, department_id, name) VALUES (502,13,'Cienaga de Oro');
INSERT INTO city (id, department_id, name) VALUES (503,13,'Cotorra');
INSERT INTO city (id, department_id, name) VALUES (504,13,'La Apartada');
INSERT INTO city (id, department_id, name) VALUES (505,13,'Lorica');
INSERT INTO city (id, department_id, name) VALUES (506,13,'Los Cordobas');
INSERT INTO city (id, department_id, name) VALUES (507,13,'Momil');
INSERT INTO city (id, department_id, name) VALUES (508,13,'Montelibano');
INSERT INTO city (id, department_id, name) VALUES (509,13,'Monteria');
INSERT INTO city (id, department_id, name) VALUES (510,13,'Moñitos');
INSERT INTO city (id, department_id, name) VALUES (511,13,'Planeta Rica');
INSERT INTO city (id, department_id, name) VALUES (512,13,'Pueblo Nuevo');
INSERT INTO city (id, department_id, name) VALUES (513,13,'Puerto Escondido');
INSERT INTO city (id, department_id, name) VALUES (514,13,'Puerto Libertador');
INSERT INTO city (id, department_id, name) VALUES (515,13,'Purisima');
INSERT INTO city (id, department_id, name) VALUES (516,13,'Sahagun');
INSERT INTO city (id, department_id, name) VALUES (517,13,'San Andres Sotavento');
INSERT INTO city (id, department_id, name) VALUES (518,13,'San Antero');
INSERT INTO city (id, department_id, name) VALUES (519,13,'San Bernardo del Viento');
INSERT INTO city (id, department_id, name) VALUES (520,13,'San Carlos');
INSERT INTO city (id, department_id, name) VALUES (521,13,'San Jose de Ure');
INSERT INTO city (id, department_id, name) VALUES (522,13,'San Pelayo');
INSERT INTO city (id, department_id, name) VALUES (523,13,'Tierralta');
INSERT INTO city (id, department_id, name) VALUES (524,13,'Tuchin');
INSERT INTO city (id, department_id, name) VALUES (525,13,'Valencia');

INSERT INTO department(id,country_id,name)VALUES(14,1,'Cundinamarca');
INSERT INTO city (id, department_id, name) VALUES (526,14,'Agua de Dios');
INSERT INTO city (id, department_id, name) VALUES (527,14,'Alban');
INSERT INTO city (id, department_id, name) VALUES (528,14,'Anapoima');
INSERT INTO city (id, department_id, name) VALUES (529,14,'Anolaima');
INSERT INTO city (id, department_id, name) VALUES (530,14,'Apulo');
INSERT INTO city (id, department_id, name) VALUES (531,14,'Arbelaez');
INSERT INTO city (id, department_id, name) VALUES (532,14,'Beltran');
INSERT INTO city (id, department_id, name) VALUES (533,14,'Bituima');
INSERT INTO city (id, department_id, name) VALUES (534,14,'Bogota');
INSERT INTO city (id, department_id, name) VALUES (535,14,'Bojaca');
INSERT INTO city (id, department_id, name) VALUES (536,14,'Cabrera');
INSERT INTO city (id, department_id, name) VALUES (537,14,'Cachipay');
INSERT INTO city (id, department_id, name) VALUES (538,14,'Cajica');
INSERT INTO city (id, department_id, name) VALUES (539,14,'Caparrapi');
INSERT INTO city (id, department_id, name) VALUES (540,14,'Caqueza');
INSERT INTO city (id, department_id, name) VALUES (541,14,'Carmen de Carupa');
INSERT INTO city (id, department_id, name) VALUES (542,14,'Chaguani');
INSERT INTO city (id, department_id, name) VALUES (543,14,'Chia');
INSERT INTO city (id, department_id, name) VALUES (544,14,'Chipaque');
INSERT INTO city (id, department_id, name) VALUES (545,14,'Choachi');
INSERT INTO city (id, department_id, name) VALUES (546,14,'Choconta');
INSERT INTO city (id, department_id, name) VALUES (547,14,'Cogua');
INSERT INTO city (id, department_id, name) VALUES (548,14,'Cota');
INSERT INTO city (id, department_id, name) VALUES (549,14,'Cucunuba');
INSERT INTO city (id, department_id, name) VALUES (550,14,'El Colegio');
INSERT INTO city (id, department_id, name) VALUES (551,14,'El Peñon');
INSERT INTO city (id, department_id, name) VALUES (552,14,'El Rosal');
INSERT INTO city (id, department_id, name) VALUES (553,14,'Facatativa');
INSERT INTO city (id, department_id, name) VALUES (554,14,'Fomeque');
INSERT INTO city (id, department_id, name) VALUES (555,14,'Fosca');
INSERT INTO city (id, department_id, name) VALUES (556,14,'Funza');
INSERT INTO city (id, department_id, name) VALUES (557,14,'Fuquene');
INSERT INTO city (id, department_id, name) VALUES (558,14,'Fusagasuga');
INSERT INTO city (id, department_id, name) VALUES (559,14,'Gachala');
INSERT INTO city (id, department_id, name) VALUES (560,14,'Gachancipa');
INSERT INTO city (id, department_id, name) VALUES (561,14,'Gacheta');
INSERT INTO city (id, department_id, name) VALUES (562,14,'Gama');
INSERT INTO city (id, department_id, name) VALUES (563,14,'Girardot');
INSERT INTO city (id, department_id, name) VALUES (564,14,'Granada');
INSERT INTO city (id, department_id, name) VALUES (565,14,'Guacheta');
INSERT INTO city (id, department_id, name) VALUES (566,14,'Guaduas');
INSERT INTO city (id, department_id, name) VALUES (567,14,'Guasca');
INSERT INTO city (id, department_id, name) VALUES (568,14,'Guataqui');
INSERT INTO city (id, department_id, name) VALUES (569,14,'Guatavita');
INSERT INTO city (id, department_id, name) VALUES (570,14,'Guayabal de Siquima');
INSERT INTO city (id, department_id, name) VALUES (571,14,'Guayabetal');
INSERT INTO city (id, department_id, name) VALUES (572,14,'Gutierrez');
INSERT INTO city (id, department_id, name) VALUES (573,14,'Jerusalen');
INSERT INTO city (id, department_id, name) VALUES (574,14,'Junin');
INSERT INTO city (id, department_id, name) VALUES (575,14,'La Calera');
INSERT INTO city (id, department_id, name) VALUES (576,14,'La Mesa');
INSERT INTO city (id, department_id, name) VALUES (577,14,'La Palma');
INSERT INTO city (id, department_id, name) VALUES (578,14,'La Peña');
INSERT INTO city (id, department_id, name) VALUES (579,14,'La Vega');
INSERT INTO city (id, department_id, name) VALUES (580,14,'Lenguazaque');
INSERT INTO city (id, department_id, name) VALUES (581,14,'Macheta');
INSERT INTO city (id, department_id, name) VALUES (582,14,'Madrid');
INSERT INTO city (id, department_id, name) VALUES (583,14,'Manta');
INSERT INTO city (id, department_id, name) VALUES (584,14,'Medina');
INSERT INTO city (id, department_id, name) VALUES (585,14,'Mosquera');
INSERT INTO city (id, department_id, name) VALUES (586,14,'Nariño');
INSERT INTO city (id, department_id, name) VALUES (587,14,'Nemocon');
INSERT INTO city (id, department_id, name) VALUES (588,14,'Nilo');
INSERT INTO city (id, department_id, name) VALUES (589,14,'Nimaima');
INSERT INTO city (id, department_id, name) VALUES (590,14,'Nocaima');
INSERT INTO city (id, department_id, name) VALUES (591,14,'Pacho');
INSERT INTO city (id, department_id, name) VALUES (592,14,'Paime');
INSERT INTO city (id, department_id, name) VALUES (593,14,'Pandi');
INSERT INTO city (id, department_id, name) VALUES (594,14,'Paratebueno');
INSERT INTO city (id, department_id, name) VALUES (595,14,'Pasca');
INSERT INTO city (id, department_id, name) VALUES (596,14,'Puerto Salgar');
INSERT INTO city (id, department_id, name) VALUES (597,14,'Puli');
INSERT INTO city (id, department_id, name) VALUES (598,14,'Quebradanegra');
INSERT INTO city (id, department_id, name) VALUES (599,14,'Quetame');
INSERT INTO city (id, department_id, name) VALUES (600,14,'Quipile');
INSERT INTO city (id, department_id, name) VALUES (601,14,'Ricaurte');
INSERT INTO city (id, department_id, name) VALUES (602,14,'San Antonio del Tequendama');
INSERT INTO city (id, department_id, name) VALUES (603,14,'San Bernardo');
INSERT INTO city (id, department_id, name) VALUES (604,14,'San Cayetano');
INSERT INTO city (id, department_id, name) VALUES (605,14,'San Francisco');
INSERT INTO city (id, department_id, name) VALUES (606,14,'San Juan de Rio Seco');
INSERT INTO city (id, department_id, name) VALUES (607,14,'Sasaima');
INSERT INTO city (id, department_id, name) VALUES (608,14,'Sesquile');
INSERT INTO city (id, department_id, name) VALUES (609,14,'Sibate');
INSERT INTO city (id, department_id, name) VALUES (610,14,'Silvania');
INSERT INTO city (id, department_id, name) VALUES (611,14,'Simijaca');
INSERT INTO city (id, department_id, name) VALUES (612,14,'Soacha');
INSERT INTO city (id, department_id, name) VALUES (613,14,'Sopo');
INSERT INTO city (id, department_id, name) VALUES (614,14,'Subachoque');
INSERT INTO city (id, department_id, name) VALUES (615,14,'Suesca');
INSERT INTO city (id, department_id, name) VALUES (616,14,'Supata');
INSERT INTO city (id, department_id, name) VALUES (617,14,'Susa');
INSERT INTO city (id, department_id, name) VALUES (618,14,'Sutatausa');
INSERT INTO city (id, department_id, name) VALUES (619,14,'Tabio');
INSERT INTO city (id, department_id, name) VALUES (620,14,'Tausa');
INSERT INTO city (id, department_id, name) VALUES (621,14,'Tena');
INSERT INTO city (id, department_id, name) VALUES (622,14,'Tenjo');
INSERT INTO city (id, department_id, name) VALUES (623,14,'Tibacuy');
INSERT INTO city (id, department_id, name) VALUES (624,14,'Tibirita');
INSERT INTO city (id, department_id, name) VALUES (625,14,'Tocaima');
INSERT INTO city (id, department_id, name) VALUES (626,14,'Tocancipa');
INSERT INTO city (id, department_id, name) VALUES (627,14,'Topaipi');
INSERT INTO city (id, department_id, name) VALUES (628,14,'Ubala');
INSERT INTO city (id, department_id, name) VALUES (629,14,'Ubaque');
INSERT INTO city (id, department_id, name) VALUES (630,14,'Une');
INSERT INTO city (id, department_id, name) VALUES (631,14,'utica');
INSERT INTO city (id, department_id, name) VALUES (632,14,'Venecia');
INSERT INTO city (id, department_id, name) VALUES (633,14,'Vergara');
INSERT INTO city (id, department_id, name) VALUES (634,14,'Viani');
INSERT INTO city (id, department_id, name) VALUES (635,14,'Villa de San Diego de Ubate');
INSERT INTO city (id, department_id, name) VALUES (636,14,'Villagomez');
INSERT INTO city (id, department_id, name) VALUES (637,14,'Villapinzon');
INSERT INTO city (id, department_id, name) VALUES (638,14,'Villeta');
INSERT INTO city (id, department_id, name) VALUES (639,14,'Viota');
INSERT INTO city (id, department_id, name) VALUES (640,14,'Yacopi');
INSERT INTO city (id, department_id, name) VALUES (641,14,'Zipacon');
INSERT INTO city (id, department_id, name) VALUES (642,14,'Zipaquira');

INSERT INTO department(id,country_id,name)VALUES(15,1,'Guainia');
INSERT INTO city (id, department_id, name) VALUES (643,15,'Barranco Minas');
INSERT INTO city (id, department_id, name) VALUES (644,15,'Cacahual');
INSERT INTO city (id, department_id, name) VALUES (645,15,'Inirida');
INSERT INTO city (id, department_id, name) VALUES (646,15,'La Guadalupe');
INSERT INTO city (id, department_id, name) VALUES (647,15,'Mapiripana');
INSERT INTO city (id, department_id, name) VALUES (648,15,'Morichal');
INSERT INTO city (id, department_id, name) VALUES (649,15,'Pana Pana');
INSERT INTO city (id, department_id, name) VALUES (650,15,'Puerto Colombia');
INSERT INTO city (id, department_id, name) VALUES (651,15,'San Felipe');

INSERT INTO department (id, country_id, name) VALUES (16, 1, 'Guaviare');
INSERT INTO city (id, department_id, name) VALUES (652,16,'Calamar');
INSERT INTO city (id, department_id, name) VALUES (653,16,'El Retorno');
INSERT INTO city (id, department_id, name) VALUES (654,16,'Miraflores');
INSERT INTO city (id, department_id, name) VALUES (655,16,'San Jose del Guaviare');

INSERT INTO department (id, country_id, name) VALUES (17, 1, 'Huila');
INSERT INTO city (id, department_id, name) VALUES (656,17,'Acevedo');
INSERT INTO city (id, department_id, name) VALUES (657,17,'Agrado');
INSERT INTO city (id, department_id, name) VALUES (658,17,'Aipe');
INSERT INTO city (id, department_id, name) VALUES (659,17,'Algeciras');
INSERT INTO city (id, department_id, name) VALUES (660,17,'Altamira');
INSERT INTO city (id, department_id, name) VALUES (661,17,'Baraya');
INSERT INTO city (id, department_id, name) VALUES (662,17,'Campoalegre');
INSERT INTO city (id, department_id, name) VALUES (663,17,'Colombia');
INSERT INTO city (id, department_id, name) VALUES (664,17,'Elias');
INSERT INTO city (id, department_id, name) VALUES (665,17,'Garzon');
INSERT INTO city (id, department_id, name) VALUES (666,17,'Gigante');
INSERT INTO city (id, department_id, name) VALUES (667,17,'Guadalupe');
INSERT INTO city (id, department_id, name) VALUES (668,17,'Hobo');
INSERT INTO city (id, department_id, name) VALUES (669,17,'Iquira');
INSERT INTO city (id, department_id, name) VALUES (670,17,'Isnos');
INSERT INTO city (id, department_id, name) VALUES (671,17,'La Argentina');
INSERT INTO city (id, department_id, name) VALUES (672,17,'La Plata');
INSERT INTO city (id, department_id, name) VALUES (673,17,'Nataga');
INSERT INTO city (id, department_id, name) VALUES (674,17,'Neiva');
INSERT INTO city (id, department_id, name) VALUES (675,17,'Oporapa');
INSERT INTO city (id, department_id, name) VALUES (676,17,'Paicol');
INSERT INTO city (id, department_id, name) VALUES (677,17,'Palermo');
INSERT INTO city (id, department_id, name) VALUES (678,17,'Palestina');
INSERT INTO city (id, department_id, name) VALUES (679,17,'Pital');
INSERT INTO city (id, department_id, name) VALUES (680,17,'Pitalito');
INSERT INTO city (id, department_id, name) VALUES (681,17,'Rivera');
INSERT INTO city (id, department_id, name) VALUES (682,17,'Saladoblanco');
INSERT INTO city (id, department_id, name) VALUES (683,17,'San Agustin');
INSERT INTO city (id, department_id, name) VALUES (684,17,'Santa Maria');
INSERT INTO city (id, department_id, name) VALUES (685,17,'Suaza');
INSERT INTO city (id, department_id, name) VALUES (686,17,'Tarqui');
INSERT INTO city (id, department_id, name) VALUES (687,17,'Tello');
INSERT INTO city (id, department_id, name) VALUES (688,17,'Teruel');
INSERT INTO city (id, department_id, name) VALUES (689,17,'Tesalia');
INSERT INTO city (id, department_id, name) VALUES (690,17,'Timana');
INSERT INTO city (id, department_id, name) VALUES (691,17,'Villavieja');
INSERT INTO city (id, department_id, name) VALUES (692,17,'Yaguara');

INSERT INTO department (id, country_id, name) VALUES (18, 1, 'La Guajira');
INSERT INTO city (id, department_id, name) VALUES (693,18,'Albania');
INSERT INTO city (id, department_id, name) VALUES (694,18,'Barrancas');
INSERT INTO city (id, department_id, name) VALUES (695,18,'Dibula');
INSERT INTO city (id, department_id, name) VALUES (696,18,'Distraccion');
INSERT INTO city (id, department_id, name) VALUES (697,18,'El Molino');
INSERT INTO city (id, department_id, name) VALUES (698,18,'Fonseca');
INSERT INTO city (id, department_id, name) VALUES (699,18,'Hatonuevo');
INSERT INTO city (id, department_id, name) VALUES (700,18,'La Jagua del Pilar');
INSERT INTO city (id, department_id, name) VALUES (701,18,'Maicao');
INSERT INTO city (id, department_id, name) VALUES (702,18,'Manaure');
INSERT INTO city (id, department_id, name) VALUES (703,18,'Riohacha');
INSERT INTO city (id, department_id, name) VALUES (704,18,'San Juan del Cesar');
INSERT INTO city (id, department_id, name) VALUES (705,18,'Uribia');
INSERT INTO city (id, department_id, name) VALUES (706,18,'Urumita');
INSERT INTO city (id, department_id, name) VALUES (707,18,'Villanueva');

INSERT INTO department (id, country_id, name) VALUES (19, 1, 'Magdalena');
INSERT INTO city (id, department_id, name) VALUES (708,19,'Algarrobo');
INSERT INTO city (id, department_id, name) VALUES (709,19,'Aracataca');
INSERT INTO city (id, department_id, name) VALUES (710,19,'Ariguani');
INSERT INTO city (id, department_id, name) VALUES (711,19,'Cerro San Antonio');
INSERT INTO city (id, department_id, name) VALUES (712,19,'Chivolo');
INSERT INTO city (id, department_id, name) VALUES (713,19,'Cienaga');
INSERT INTO city (id, department_id, name) VALUES (714,19,'Concordia');
INSERT INTO city (id, department_id, name) VALUES (715,19,'El Banco');
INSERT INTO city (id, department_id, name) VALUES (716,19,'El Piñon');
INSERT INTO city (id, department_id, name) VALUES (717,19,'El Reten');
INSERT INTO city (id, department_id, name) VALUES (718,19,'Fundacion');
INSERT INTO city (id, department_id, name) VALUES (719,19,'Guamal');
INSERT INTO city (id, department_id, name) VALUES (720,19,'Nueva Granada');
INSERT INTO city (id, department_id, name) VALUES (721,19,'Pedraza');
INSERT INTO city (id, department_id, name) VALUES (722,19,'Pijiño del Carmen');
INSERT INTO city (id, department_id, name) VALUES (723,19,'Pivijay');
INSERT INTO city (id, department_id, name) VALUES (724,19,'Plato');
INSERT INTO city (id, department_id, name) VALUES (725,19,'Pueblo Viejo');
INSERT INTO city (id, department_id, name) VALUES (726,19,'Remolino');
INSERT INTO city (id, department_id, name) VALUES (727,19,'Sabanas de San Angel');
INSERT INTO city (id, department_id, name) VALUES (728,19,'Salamina');
INSERT INTO city (id, department_id, name) VALUES (729,19,'San Sebastian de Buenavista');
INSERT INTO city (id, department_id, name) VALUES (730,19,'San Zenon');
INSERT INTO city (id, department_id, name) VALUES (731,19,'Santa Ana');
INSERT INTO city (id, department_id, name) VALUES (732,19,'Santa Barbara de Pinto');
INSERT INTO city (id, department_id, name) VALUES (733,19,'Santa Marta');
INSERT INTO city (id, department_id, name) VALUES (734,19,'Sitionuevo');
INSERT INTO city (id, department_id, name) VALUES (735,19,'Tenerife');
INSERT INTO city (id, department_id, name) VALUES (736,19,'Zapayan');
INSERT INTO city (id, department_id, name) VALUES (737,19,'Zona Bananera');

INSERT INTO department (id, country_id, name) VALUES (20, 1, 'Meta');
INSERT INTO city (id, department_id, name) VALUES (738,20,'Acacias');
INSERT INTO city (id, department_id, name) VALUES (739,20,'Barranca de Upia');
INSERT INTO city (id, department_id, name) VALUES (740,20,'Cabuyaro');
INSERT INTO city (id, department_id, name) VALUES (741,20,'Castilla la Nueva');
INSERT INTO city (id, department_id, name) VALUES (742,20,'Cubarral');
INSERT INTO city (id, department_id, name) VALUES (743,20,'Cumaral');
INSERT INTO city (id, department_id, name) VALUES (744,20,'El Calvario');
INSERT INTO city (id, department_id, name) VALUES (745,20,'El Castillo');
INSERT INTO city (id, department_id, name) VALUES (746,20,'El Dorado');
INSERT INTO city (id, department_id, name) VALUES (747,20,'Fuente de Oro');
INSERT INTO city (id, department_id, name) VALUES (748,20,'Granada');
INSERT INTO city (id, department_id, name) VALUES (749,20,'Guamal');
INSERT INTO city (id, department_id, name) VALUES (750,20,'La Macarena');
INSERT INTO city (id, department_id, name) VALUES (751,20,'Lejanias');
INSERT INTO city (id, department_id, name) VALUES (752,20,'Mapiripan');
INSERT INTO city (id, department_id, name) VALUES (753,20,'Mesetas');
INSERT INTO city (id, department_id, name) VALUES (754,20,'Puerto Concordia');
INSERT INTO city (id, department_id, name) VALUES (755,20,'Puerto Gaitan');
INSERT INTO city (id, department_id, name) VALUES (756,20,'Puerto Lleras');
INSERT INTO city (id, department_id, name) VALUES (757,20,'Puerto Lopez');
INSERT INTO city (id, department_id, name) VALUES (758,20,'Puerto Rico');
INSERT INTO city (id, department_id, name) VALUES (759,20,'Restrepo');
INSERT INTO city (id, department_id, name) VALUES (760,20,'San Carlos de Guaroa');
INSERT INTO city (id, department_id, name) VALUES (761,20,'San Juan de Arama');
INSERT INTO city (id, department_id, name) VALUES (762,20,'San Juanito');
INSERT INTO city (id, department_id, name) VALUES (763,20,'San Martin');
INSERT INTO city (id, department_id, name) VALUES (764,20,'Uribe');
INSERT INTO city (id, department_id, name) VALUES (765,20,'Villavicencio');
INSERT INTO city (id, department_id, name) VALUES (766,20,'Vista Hermosa');

INSERT INTO department (id, country_id, name) VALUES (21, 1, 'Nariño');
INSERT INTO city (id, department_id, name) VALUES (767,21,'Alban');
INSERT INTO city (id, department_id, name) VALUES (768,21,'Aldana');
INSERT INTO city (id, department_id, name) VALUES (769,21,'Ancuya');
INSERT INTO city (id, department_id, name) VALUES (770,21,'Arboleda');
INSERT INTO city (id, department_id, name) VALUES (771,21,'Barbacoas');
INSERT INTO city (id, department_id, name) VALUES (772,21,'Belen');
INSERT INTO city (id, department_id, name) VALUES (773,21,'Buesaco');
INSERT INTO city (id, department_id, name) VALUES (774,21,'Chachagüi');
INSERT INTO city (id, department_id, name) VALUES (775,21,'Colon');
INSERT INTO city (id, department_id, name) VALUES (776,21,'Consaca');
INSERT INTO city (id, department_id, name) VALUES (777,21,'Contadero');
INSERT INTO city (id, department_id, name) VALUES (778,21,'Cordoba');
INSERT INTO city (id, department_id, name) VALUES (779,21,'Cuaspud');
INSERT INTO city (id, department_id, name) VALUES (780,21,'Cumbal');
INSERT INTO city (id, department_id, name) VALUES (781,21,'Cumbitara');
INSERT INTO city (id, department_id, name) VALUES (782,21,'El Charco');
INSERT INTO city (id, department_id, name) VALUES (783,21,'El Peñol');
INSERT INTO city (id, department_id, name) VALUES (784,21,'El Rosario');
INSERT INTO city (id, department_id, name) VALUES (785,21,'El Tablon de Gomez');
INSERT INTO city (id, department_id, name) VALUES (786,21,'El Tambo');
INSERT INTO city (id, department_id, name) VALUES (787,21,'Francisco Pizarro');
INSERT INTO city (id, department_id, name) VALUES (788,21,'Funes');
INSERT INTO city (id, department_id, name) VALUES (789,21,'Guachucal');
INSERT INTO city (id, department_id, name) VALUES (790,21,'Guaitarilla');
INSERT INTO city (id, department_id, name) VALUES (791,21,'Gualmatan');
INSERT INTO city (id, department_id, name) VALUES (792,21,'Iles');
INSERT INTO city (id, department_id, name) VALUES (793,21,'Imues');
INSERT INTO city (id, department_id, name) VALUES (794,21,'Ipiales');
INSERT INTO city (id, department_id, name) VALUES (795,21,'La Cruz');
INSERT INTO city (id, department_id, name) VALUES (796,21,'La Florida');
INSERT INTO city (id, department_id, name) VALUES (797,21,'La Llanada');
INSERT INTO city (id, department_id, name) VALUES (798,21,'La Tola');
INSERT INTO city (id, department_id, name) VALUES (799,21,'La Union');
INSERT INTO city (id, department_id, name) VALUES (800,21,'Leiva');
INSERT INTO city (id, department_id, name) VALUES (801,21,'Linares');
INSERT INTO city (id, department_id, name) VALUES (802,21,'Los Andes');
INSERT INTO city (id, department_id, name) VALUES (803,21,'Magüi');
INSERT INTO city (id, department_id, name) VALUES (804,21,'Mallama');
INSERT INTO city (id, department_id, name) VALUES (805,21,'Mosquera');
INSERT INTO city (id, department_id, name) VALUES (806,21,'Nariño');
INSERT INTO city (id, department_id, name) VALUES (807,21,'Olaya Herrera');
INSERT INTO city (id, department_id, name) VALUES (808,21,'Ospina');
INSERT INTO city (id, department_id, name) VALUES (809,21,'Pasto');
INSERT INTO city (id, department_id, name) VALUES (810,21,'Policarpa');
INSERT INTO city (id, department_id, name) VALUES (811,21,'Potosi');
INSERT INTO city (id, department_id, name) VALUES (812,21,'Providencia');
INSERT INTO city (id, department_id, name) VALUES (813,21,'Puerres');
INSERT INTO city (id, department_id, name) VALUES (814,21,'Pupiales');
INSERT INTO city (id, department_id, name) VALUES (815,21,'Ricaurte');
INSERT INTO city (id, department_id, name) VALUES (816,21,'Roberto Payan');
INSERT INTO city (id, department_id, name) VALUES (817,21,'Samaniego');
INSERT INTO city (id, department_id, name) VALUES (818,21,'San Andres de Tumaco');
INSERT INTO city (id, department_id, name) VALUES (819,21,'San Bernardo');
INSERT INTO city (id, department_id, name) VALUES (820,21,'San Lorenzo');
INSERT INTO city (id, department_id, name) VALUES (821,21,'San Pablo');
INSERT INTO city (id, department_id, name) VALUES (822,21,'San Pedro de Cartago');
INSERT INTO city (id, department_id, name) VALUES (823,21,'Sandona');
INSERT INTO city (id, department_id, name) VALUES (824,21,'Santa Barbara');
INSERT INTO city (id, department_id, name) VALUES (825,21,'Santacruz');
INSERT INTO city (id, department_id, name) VALUES (826,21,'Sapuyes');
INSERT INTO city (id, department_id, name) VALUES (827,21,'Taminango');
INSERT INTO city (id, department_id, name) VALUES (828,21,'Tangua');
INSERT INTO city (id, department_id, name) VALUES (829,21,'Tuquerres');
INSERT INTO city (id, department_id, name) VALUES (830,21,'Yacuanquer');

INSERT INTO department (id, country_id, name) VALUES (22, 1, 'Norte de Santander');
INSERT INTO city (id, department_id, name) VALUES (831,22,'Abrego');
INSERT INTO city (id, department_id, name) VALUES (832,22,'Arboledas');
INSERT INTO city (id, department_id, name) VALUES (833,22,'Bochalema');
INSERT INTO city (id, department_id, name) VALUES (834,22,'Bucarasica');
INSERT INTO city (id, department_id, name) VALUES (835,22,'Cachira');
INSERT INTO city (id, department_id, name) VALUES (836,22,'Cacota');
INSERT INTO city (id, department_id, name) VALUES (837,22,'Chinacota');
INSERT INTO city (id, department_id, name) VALUES (838,22,'Chitaga');
INSERT INTO city (id, department_id, name) VALUES (839,22,'Convencion');
INSERT INTO city (id, department_id, name) VALUES (840,22,'Cucuta');
INSERT INTO city (id, department_id, name) VALUES (841,22,'Cucutilla');
INSERT INTO city (id, department_id, name) VALUES (842,22,'Durania');
INSERT INTO city (id, department_id, name) VALUES (843,22,'El Carmen');
INSERT INTO city (id, department_id, name) VALUES (844,22,'El Tarra');
INSERT INTO city (id, department_id, name) VALUES (845,22,'El Zulia');
INSERT INTO city (id, department_id, name) VALUES (846,22,'Gramalote');
INSERT INTO city (id, department_id, name) VALUES (847,22,'Hacari');
INSERT INTO city (id, department_id, name) VALUES (848,22,'Herran');
INSERT INTO city (id, department_id, name) VALUES (849,22,'La Esperanza');
INSERT INTO city (id, department_id, name) VALUES (850,22,'La Playa');
INSERT INTO city (id, department_id, name) VALUES (851,22,'Labateca');
INSERT INTO city (id, department_id, name) VALUES (852,22,'Los Patios');
INSERT INTO city (id, department_id, name) VALUES (853,22,'Lourdes');
INSERT INTO city (id, department_id, name) VALUES (854,22,'Mutiscua');
INSERT INTO city (id, department_id, name) VALUES (855,22,'Ocaña');
INSERT INTO city (id, department_id, name) VALUES (856,22,'Pamplona');
INSERT INTO city (id, department_id, name) VALUES (857,22,'Pamplonita');
INSERT INTO city (id, department_id, name) VALUES (858,22,'Puerto Santander');
INSERT INTO city (id, department_id, name) VALUES (859,22,'Ragonvalia');
INSERT INTO city (id, department_id, name) VALUES (860,22,'Salazar');
INSERT INTO city (id, department_id, name) VALUES (861,22,'San Calixto');
INSERT INTO city (id, department_id, name) VALUES (862,22,'San Cayetano');
INSERT INTO city (id, department_id, name) VALUES (863,22,'Santiago');
INSERT INTO city (id, department_id, name) VALUES (864,22,'Sardinata');
INSERT INTO city (id, department_id, name) VALUES (865,22,'Silos');
INSERT INTO city (id, department_id, name) VALUES (866,22,'Teorama');
INSERT INTO city (id, department_id, name) VALUES (867,22,'Tibu');
INSERT INTO city (id, department_id, name) VALUES (868,22,'Toledo');
INSERT INTO city (id, department_id, name) VALUES (869,22,'Villa Caro');
INSERT INTO city (id, department_id, name) VALUES (870,22,'Villa del Rosario');

INSERT INTO department (id, country_id, name) VALUES (23, 1, 'Putumayo');
INSERT INTO city (id, department_id, name) VALUES (871,23,'Colon');
INSERT INTO city (id, department_id, name) VALUES (872,23,'Leguizamo');
INSERT INTO city (id, department_id, name) VALUES (873,23,'Mocoa');
INSERT INTO city (id, department_id, name) VALUES (874,23,'Orito');
INSERT INTO city (id, department_id, name) VALUES (875,23,'Puerto Asis');
INSERT INTO city (id, department_id, name) VALUES (876,23,'Puerto Caicedo');
INSERT INTO city (id, department_id, name) VALUES (877,23,'Puerto Guzman');
INSERT INTO city (id, department_id, name) VALUES (878,23,'San Francisco');
INSERT INTO city (id, department_id, name) VALUES (879,23,'San Miguel');
INSERT INTO city (id, department_id, name) VALUES (880,23,'Santiago');
INSERT INTO city (id, department_id, name) VALUES (881,23,'Sibundoy');
INSERT INTO city (id, department_id, name) VALUES (882,23,'Valle de Guamez');
INSERT INTO city (id, department_id, name) VALUES (883,23,'Villagarzon');

INSERT INTO department (id, country_id, name) VALUES (24, 1, 'Quindio');
INSERT INTO city (id, department_id, name) VALUES (884,24,'Armenia');
INSERT INTO city (id, department_id, name) VALUES (885,24,'Buenavista');
INSERT INTO city (id, department_id, name) VALUES (886,24,'Calarca');
INSERT INTO city (id, department_id, name) VALUES (887,24,'Circasia');
INSERT INTO city (id, department_id, name) VALUES (888,24,'Cordoba');
INSERT INTO city (id, department_id, name) VALUES (889,24,'Filandia');
INSERT INTO city (id, department_id, name) VALUES (890,24,'Genova');
INSERT INTO city (id, department_id, name) VALUES (891,24,'La Tebaida');
INSERT INTO city (id, department_id, name) VALUES (892,24,'Montenegro');
INSERT INTO city (id, department_id, name) VALUES (893,24,'Pijao');
INSERT INTO city (id, department_id, name) VALUES (894,24,'Quimbaya');
INSERT INTO city (id, department_id, name) VALUES (895,24,'Salento');

INSERT INTO department (id, country_id, name) VALUES (25, 1, 'Risaralda');
INSERT INTO city (id, department_id, name) VALUES (896,25,'Apia');
INSERT INTO city (id, department_id, name) VALUES (897,25,'Balboa');
INSERT INTO city (id, department_id, name) VALUES (898,25,'Belen de Umbria');
INSERT INTO city (id, department_id, name) VALUES (899,25,'Dosquebradas');
INSERT INTO city (id, department_id, name) VALUES (900,25,'Guatica');
INSERT INTO city (id, department_id, name) VALUES (901,25,'La Celia');
INSERT INTO city (id, department_id, name) VALUES (902,25,'La Virginia');
INSERT INTO city (id, department_id, name) VALUES (903,25,'Marsella');
INSERT INTO city (id, department_id, name) VALUES (904,25,'Mistrato');
INSERT INTO city (id, department_id, name) VALUES (905,25,'Pereira');
INSERT INTO city (id, department_id, name) VALUES (906,25,'Pueblo Rico');
INSERT INTO city (id, department_id, name) VALUES (907,25,'Quinchia');
INSERT INTO city (id, department_id, name) VALUES (908,25,'Santa Rosa de Cabal');
INSERT INTO city (id, department_id, name) VALUES (909,25,'Santuario');

insert into department(id,country_id,name)VALUES(26,1,'San Andres y Providencia');
INSERT INTO city (id, department_id, name) VALUES (910,26,'Providencia');
INSERT INTO city (id, department_id, name) VALUES (911,26,'San Andres');

INSERT INTO department (id, country_id, name) VALUES (27, 1, 'Santander');
INSERT INTO city (id, department_id, name) VALUES (912,27,'Aguada');
INSERT INTO city (id, department_id, name) VALUES (913,27,'Albania');
INSERT INTO city (id, department_id, name) VALUES (914,27,'Aratoca');
INSERT INTO city (id, department_id, name) VALUES (915,27,'Barbosa');
INSERT INTO city (id, department_id, name) VALUES (916,27,'Barichara');
INSERT INTO city (id, department_id, name) VALUES (917,27,'Barrancabermeja');
INSERT INTO city (id, department_id, name) VALUES (918,27,'Betulia');
INSERT INTO city (id, department_id, name) VALUES (919,27,'Bolivar');
INSERT INTO city (id, department_id, name) VALUES (920,27,'Bucaramanga');
INSERT INTO city (id, department_id, name) VALUES (921,27,'Cabrera');
INSERT INTO city (id, department_id, name) VALUES (922,27,'California');
INSERT INTO city (id, department_id, name) VALUES (923,27,'Capitanejo');
INSERT INTO city (id, department_id, name) VALUES (924,27,'Carcasi');
INSERT INTO city (id, department_id, name) VALUES (925,27,'Cepita');
INSERT INTO city (id, department_id, name) VALUES (926,27,'Cerrito');
INSERT INTO city (id, department_id, name) VALUES (927,27,'Charala');
INSERT INTO city (id, department_id, name) VALUES (928,27,'Charta');
INSERT INTO city (id, department_id, name) VALUES (929,27,'Chima');
INSERT INTO city (id, department_id, name) VALUES (930,27,'Chipata');
INSERT INTO city (id, department_id, name) VALUES (931,27,'Cimitarra');
INSERT INTO city (id, department_id, name) VALUES (932,27,'Concepcion');
INSERT INTO city (id, department_id, name) VALUES (933,27,'Confines');
INSERT INTO city (id, department_id, name) VALUES (934,27,'Contratacion');
INSERT INTO city (id, department_id, name) VALUES (935,27,'Coromoro');
INSERT INTO city (id, department_id, name) VALUES (936,27,'Curiti');
INSERT INTO city (id, department_id, name) VALUES (937,27,'El Carmen de Chucuri');
INSERT INTO city (id, department_id, name) VALUES (938,27,'El Guacamayo');
INSERT INTO city (id, department_id, name) VALUES (939,27,'El Peñon');
INSERT INTO city (id, department_id, name) VALUES (940,27,'El Playon');
INSERT INTO city (id, department_id, name) VALUES (941,27,'Encino');
INSERT INTO city (id, department_id, name) VALUES (942,27,'Enciso');
INSERT INTO city (id, department_id, name) VALUES (943,27,'Florian');
INSERT INTO city (id, department_id, name) VALUES (944,27,'Floridablanca');
INSERT INTO city (id, department_id, name) VALUES (945,27,'Galan');
INSERT INTO city (id, department_id, name) VALUES (946,27,'Gambita');
INSERT INTO city (id, department_id, name) VALUES (947,27,'Giron');
INSERT INTO city (id, department_id, name) VALUES (948,27,'Guaca');
INSERT INTO city (id, department_id, name) VALUES (949,27,'Guadalupe');
INSERT INTO city (id, department_id, name) VALUES (950,27,'Guapota');
INSERT INTO city (id, department_id, name) VALUES (951,27,'Guavata');
INSERT INTO city (id, department_id, name) VALUES (952,27,'Güepsa');
INSERT INTO city (id, department_id, name) VALUES (953,27,'Hato');
INSERT INTO city (id, department_id, name) VALUES (954,27,'Jesus Maria');
INSERT INTO city (id, department_id, name) VALUES (955,27,'Jordan');
INSERT INTO city (id, department_id, name) VALUES (956,27,'La Belleza');
INSERT INTO city (id, department_id, name) VALUES (957,27,'La Paz');
INSERT INTO city (id, department_id, name) VALUES (958,27,'Landazuri');
INSERT INTO city (id, department_id, name) VALUES (959,27,'Lebrija');
INSERT INTO city (id, department_id, name) VALUES (960,27,'Los Santos');
INSERT INTO city (id, department_id, name) VALUES (961,27,'Macaravita');
INSERT INTO city (id, department_id, name) VALUES (962,27,'Malaga');
INSERT INTO city (id, department_id, name) VALUES (963,27,'Matanza');
INSERT INTO city (id, department_id, name) VALUES (964,27,'Mogotes');
INSERT INTO city (id, department_id, name) VALUES (965,27,'Molagavita');
INSERT INTO city (id, department_id, name) VALUES (966,27,'Ocamonte');
INSERT INTO city (id, department_id, name) VALUES (967,27,'Oiba');
INSERT INTO city (id, department_id, name) VALUES (968,27,'Onzaga');
INSERT INTO city (id, department_id, name) VALUES (969,27,'Palmar');
INSERT INTO city (id, department_id, name) VALUES (970,27,'Palmas del Socorro');
INSERT INTO city (id, department_id, name) VALUES (971,27,'Paramo');
INSERT INTO city (id, department_id, name) VALUES (972,27,'Piedecuesta');
INSERT INTO city (id, department_id, name) VALUES (973,27,'Pinchote');
INSERT INTO city (id, department_id, name) VALUES (974,27,'Puente Nacional');
INSERT INTO city (id, department_id, name) VALUES (975,27,'Puerto Parra');
INSERT INTO city (id, department_id, name) VALUES (976,27,'Puerto Wilches');
INSERT INTO city (id, department_id, name) VALUES (977,27,'Rionegro');
INSERT INTO city (id, department_id, name) VALUES (978,27,'Sabana de Torres');
INSERT INTO city (id, department_id, name) VALUES (979,27,'San Andres');
INSERT INTO city (id, department_id, name) VALUES (980,27,'San Benito');
INSERT INTO city (id, department_id, name) VALUES (981,27,'San Gil');
INSERT INTO city (id, department_id, name) VALUES (982,27,'San Joaquin');
INSERT INTO city (id, department_id, name) VALUES (983,27,'San Jose de Miranda');
INSERT INTO city (id, department_id, name) VALUES (984,27,'San Miguel');
INSERT INTO city (id, department_id, name) VALUES (985,27,'San Vicente de Chucuri');
INSERT INTO city (id, department_id, name) VALUES (986,27,'Santa Barbara');
INSERT INTO city (id, department_id, name) VALUES (987,27,'Santa Helena del Opon');
INSERT INTO city (id, department_id, name) VALUES (988,27,'Simacota');
INSERT INTO city (id, department_id, name) VALUES (989,27,'Socorro');
INSERT INTO city (id, department_id, name) VALUES (990,27,'Suaita');
INSERT INTO city (id, department_id, name) VALUES (991,27,'Sucre');
INSERT INTO city (id, department_id, name) VALUES (992,27,'Surata');
INSERT INTO city (id, department_id, name) VALUES (993,27,'Tona');
INSERT INTO city (id, department_id, name) VALUES (994,27,'Valle de San Jose');
INSERT INTO city (id, department_id, name) VALUES (995,27,'Velez');
INSERT INTO city (id, department_id, name) VALUES (996,27,'Vetas');
INSERT INTO city (id, department_id, name) VALUES (997,27,'Villanueva');
INSERT INTO city (id, department_id, name) VALUES (998,27,'Zapatoca');

INSERT INTO department (id, country_id, name) VALUES (28, 1, 'Sucre');
INSERT INTO city (id, department_id, name) VALUES (999,28,'Buenavista');
INSERT INTO city (id, department_id, name) VALUES (1000,28,'Caimito');
INSERT INTO city (id, department_id, name) VALUES (1001,28,'Chalan');
INSERT INTO city (id, department_id, name) VALUES (1002,28,'Coloso');
INSERT INTO city (id, department_id, name) VALUES (1003,28,'Corozal');
INSERT INTO city (id, department_id, name) VALUES (1004,28,'Coveñas');
INSERT INTO city (id, department_id, name) VALUES (1005,28,'El Roble');
INSERT INTO city (id, department_id, name) VALUES (1006,28,'Galeras');
INSERT INTO city (id, department_id, name) VALUES (1007,28,'Guaranda');
INSERT INTO city (id, department_id, name) VALUES (1008,28,'La Union');
INSERT INTO city (id, department_id, name) VALUES (1009,28,'Los Palmitos');
INSERT INTO city (id, department_id, name) VALUES (1010,28,'Majagual');
INSERT INTO city (id, department_id, name) VALUES (1011,28,'Morroa');
INSERT INTO city (id, department_id, name) VALUES (1012,28,'Ovejas');
INSERT INTO city (id, department_id, name) VALUES (1013,28,'Palmito');
INSERT INTO city (id, department_id, name) VALUES (1014,28,'Sampues');
INSERT INTO city (id, department_id, name) VALUES (1015,28,'San Benito Abad');
INSERT INTO city (id, department_id, name) VALUES (1016,28,'San Juan de Betulia');
INSERT INTO city (id, department_id, name) VALUES (1017,28,'San Luis de Since');
INSERT INTO city (id, department_id, name) VALUES (1018,28,'San Marcos');
INSERT INTO city (id, department_id, name) VALUES (1019,28,'San Onofre');
INSERT INTO city (id, department_id, name) VALUES (1020,28,'San Pedro');
INSERT INTO city (id, department_id, name) VALUES (1021,28,'Santiago de Tolu');
INSERT INTO city (id, department_id, name) VALUES (1022,28,'Sincelejo');
INSERT INTO city (id, department_id, name) VALUES (1023,28,'Sucre');
INSERT INTO city (id, department_id, name) VALUES (1024,28,'Tolu Viejo');

INSERT INTO department (id, country_id, name) VALUES (29, 1, 'Tolima');
INSERT INTO city (id, department_id, name) VALUES (1025,29,'Alpujarra');
INSERT INTO city (id, department_id, name) VALUES (1026,29,'Alvarado');
INSERT INTO city (id, department_id, name) VALUES (1027,29,'Ambalema');
INSERT INTO city (id, department_id, name) VALUES (1028,29,'Anzoategui');
INSERT INTO city (id, department_id, name) VALUES (1029,29,'Armero');
INSERT INTO city (id, department_id, name) VALUES (1030,29,'Ataco');
INSERT INTO city (id, department_id, name) VALUES (1031,29,'Cajamarca');
INSERT INTO city (id, department_id, name) VALUES (1032,29,'Carmen de Apicala');
INSERT INTO city (id, department_id, name) VALUES (1033,29,'Casabianca');
INSERT INTO city (id, department_id, name) VALUES (1034,29,'Chaparral');
INSERT INTO city (id, department_id, name) VALUES (1035,29,'Coello');
INSERT INTO city (id, department_id, name) VALUES (1036,29,'Coyaima');
INSERT INTO city (id, department_id, name) VALUES (1037,29,'Cunday');
INSERT INTO city (id, department_id, name) VALUES (1038,29,'Dolores');
INSERT INTO city (id, department_id, name) VALUES (1039,29,'Espinal');
INSERT INTO city (id, department_id, name) VALUES (1040,29,'Falan');
INSERT INTO city (id, department_id, name) VALUES (1041,29,'Flandes');
INSERT INTO city (id, department_id, name) VALUES (1042,29,'Fresno');
INSERT INTO city (id, department_id, name) VALUES (1043,29,'Guamo');
INSERT INTO city (id, department_id, name) VALUES (1044,29,'Herveo');
INSERT INTO city (id, department_id, name) VALUES (1045,29,'Honda');
INSERT INTO city (id, department_id, name) VALUES (1046,29,'Ibague');
INSERT INTO city (id, department_id, name) VALUES (1047,29,'Icononzo');
INSERT INTO city (id, department_id, name) VALUES (1048,29,'Lerida');
INSERT INTO city (id, department_id, name) VALUES (1049,29,'Libano');
INSERT INTO city (id, department_id, name) VALUES (1050,29,'Mariquita');
INSERT INTO city (id, department_id, name) VALUES (1051,29,'Melgar');
INSERT INTO city (id, department_id, name) VALUES (1052,29,'Murillo');
INSERT INTO city (id, department_id, name) VALUES (1053,29,'Natagaima');
INSERT INTO city (id, department_id, name) VALUES (1054,29,'Ortega');
INSERT INTO city (id, department_id, name) VALUES (1055,29,'Palocabildo');
INSERT INTO city (id, department_id, name) VALUES (1056,29,'Piedras');
INSERT INTO city (id, department_id, name) VALUES (1057,29,'Planadas');
INSERT INTO city (id, department_id, name) VALUES (1058,29,'Prado');
INSERT INTO city (id, department_id, name) VALUES (1059,29,'Purificacion');
INSERT INTO city (id, department_id, name) VALUES (1060,29,'Rio Blanco');
INSERT INTO city (id, department_id, name) VALUES (1061,29,'Roncesvalles');
INSERT INTO city (id, department_id, name) VALUES (1062,29,'Rovira');
INSERT INTO city (id, department_id, name) VALUES (1063,29,'Saldaña');
INSERT INTO city (id, department_id, name) VALUES (1064,29,'San Antonio');
INSERT INTO city (id, department_id, name) VALUES (1065,29,'San Luis');
INSERT INTO city (id, department_id, name) VALUES (1066,29,'Santa Isabel');
INSERT INTO city (id, department_id, name) VALUES (1067,29,'Suarez');
INSERT INTO city (id, department_id, name) VALUES (1068,29,'Valle de San Juan');
INSERT INTO city (id, department_id, name) VALUES (1069,29,'Venadillo');
INSERT INTO city (id, department_id, name) VALUES (1070,29,'Villahermosa');
INSERT INTO city (id, department_id, name) VALUES (1071,29,'Villarrica');

INSERT INTO department (id, country_id, name) VALUES (30, 1, 'Valle del Cauca');
INSERT INTO city (id, department_id, name) VALUES (1072,30,'Alcala');
INSERT INTO city (id, department_id, name) VALUES (1073,30,'Andalucia');
INSERT INTO city (id, department_id, name) VALUES (1074,30,'Ansermanuevo');
INSERT INTO city (id, department_id, name) VALUES (1075,30,'Argelia');
INSERT INTO city (id, department_id, name) VALUES (1076,30,'Bolivar');
INSERT INTO city (id, department_id, name) VALUES (1077,30,'Buenaventura');
INSERT INTO city (id, department_id, name) VALUES (1078,30,'Bugalagrande');
INSERT INTO city (id, department_id, name) VALUES (1079,30,'Caicedonia');
INSERT INTO city (id, department_id, name) VALUES (1080,30,'Cali');
INSERT INTO city (id, department_id, name) VALUES (1081,30,'Calima');
INSERT INTO city (id, department_id, name) VALUES (1082,30,'Candelaria');
INSERT INTO city (id, department_id, name) VALUES (1083,30,'Cartago');
INSERT INTO city (id, department_id, name) VALUES (1084,30,'Dagua');
INSERT INTO city (id, department_id, name) VALUES (1085,30,'El aguila');
INSERT INTO city (id, department_id, name) VALUES (1086,30,'El Cairo');
INSERT INTO city (id, department_id, name) VALUES (1087,30,'El Cerrito');
INSERT INTO city (id, department_id, name) VALUES (1088,30,'El Dovio');
INSERT INTO city (id, department_id, name) VALUES (1089,30,'Florida');
INSERT INTO city (id, department_id, name) VALUES (1090,30,'Ginebra');
INSERT INTO city (id, department_id, name) VALUES (1091,30,'Guacari');
INSERT INTO city (id, department_id, name) VALUES (1092,30,'Guadalajara de Buga');
INSERT INTO city (id, department_id, name) VALUES (1093,30,'Jamundi');
INSERT INTO city (id, department_id, name) VALUES (1094,30,'La Cumbre');
INSERT INTO city (id, department_id, name) VALUES (1095,30,'La Union');
INSERT INTO city (id, department_id, name) VALUES (1096,30,'La Victoria');
INSERT INTO city (id, department_id, name) VALUES (1097,30,'Obando');
INSERT INTO city (id, department_id, name) VALUES (1098,30,'Palmira');
INSERT INTO city (id, department_id, name) VALUES (1099,30,'Pradera');
INSERT INTO city (id, department_id, name) VALUES (1100,30,'Restrepo');
INSERT INTO city (id, department_id, name) VALUES (1101,30,'Riofrio');
INSERT INTO city (id, department_id, name) VALUES (1102,30,'Roldanillo');
INSERT INTO city (id, department_id, name) VALUES (1103,30,'San Pedro');
INSERT INTO city (id, department_id, name) VALUES (1104,30,'Sevilla');
INSERT INTO city (id, department_id, name) VALUES (1105,30,'Toro');
INSERT INTO city (id, department_id, name) VALUES (1106,30,'Trujillo');
INSERT INTO city (id, department_id, name) VALUES (1107,30,'Tulua');
INSERT INTO city (id, department_id, name) VALUES (1108,30,'Ulloa');
INSERT INTO city (id, department_id, name) VALUES (1109,30,'Versalles');
INSERT INTO city (id, department_id, name) VALUES (1110,30,'Vijes');
INSERT INTO city (id, department_id, name) VALUES (1111,30,'Yotoco');
INSERT INTO city (id, department_id, name) VALUES (1112,30,'Yumbo');
INSERT INTO city (id, department_id, name) VALUES (1113,30,'Zarzal');

INSERT INTO department (id, country_id, name) VALUES (31, 1, 'Vaupes');
INSERT INTO city (id, department_id, name) VALUES (1114,31,'Caruru');
INSERT INTO city (id, department_id, name) VALUES (1115,31,'Mitu');
INSERT INTO city (id, department_id, name) VALUES (1116,31,'Pacoa');
INSERT INTO city (id, department_id, name) VALUES (1117,31,'Papunahua');
INSERT INTO city (id, department_id, name) VALUES (1118,31,'Taraira');
INSERT INTO city (id, department_id, name) VALUES (1119,31,'Yavarate');

INSERT INTO department (id, country_id, name) VALUES (32, 1,'Vichada');
INSERT INTO city (id, department_id, name) VALUES (1120,32,'Cumaribo');
INSERT INTO city (id, department_id, name) VALUES (1121,32,'La Primavera');
INSERT INTO city (id, department_id, name) VALUES (1122,32,'Puerto Carreño');
INSERT INTO city (id, department_id, name) VALUES (1123,32,'Santa Rosalia');
